speaker,wer_percent,rtf_cold_or_warm,heard,note
0,100.0,0.053,,
1,53.3,0.058,Le dossier est un complexe. Il manque justificative de revenus. Jour.,
2,40.0,0.086,Le dossier est incomplet. Il manque le justificatif de revenir.,
3,100.0,0.079,,
4,93.3,0.066,Justificative de Revenue.,
5,93.3,0.062,The dossier is incomplete.,
6,40.0,0.067,Le dossier est incomplet. Il manque le justificatif de revenu.,
7,66.7,0.069,Il manque le justificatif de revenu.,
8,86.7,0.065,"The dossier is incomplet, it man the justificative revenue. Oh Fa",
9,100.0,0.066,It mankind the justificative revenue.,
10,100.0,0.081,,
11,100.0,0.077,Favour.,
12,86.7,0.081,dossier is uncompletive de revenue,
13,100.0,0.065,You managed the justificative to revenue.,
14,93.3,0.061,It mank justificative de revenu.,
15,86.7,0.066,Dossier is incompletive de revenue. Journey.,
16,60.0,0.094,Ceci est incomplet. Le justificatif de revenu jour de nu.,
17,46.7,0.078,"Le dossier est incomplète et manque le justificatif de revenu. Un jour, un jour...",
18,100.0,0.094,Journey.,
19,40.0,0.083,Le dossier est incomplet. Il manque le justificative de revenus.,
20,100.0,0.079,,
21,100.0,0.077,,
22,93.3,0.086,It mankistific de Rov.,
23,86.7,0.091,The C is incomplet and justificative de revenue.,
24,33.3,0.071,Le dossier est incomplet. Il manque le justificatif de revenir. Le jour le jour.,
25,93.3,0.061,The dossier is incomplete.,
26,73.3,0.077,Le justificatif de revenu. Jour. On a jour.,
27,40.0,0.061,Le dossier est incomplet. Il manque le justificative de revenu. Jour de no jour.,
28,86.7,0.079,Uh complaint it manque justificative de revenue.,
29,100.0,0.074,,
30,100.0,0.092,,
31,100.0,0.055,It makes the justificative revenue.,
32,100.0,0.054,,
33,46.7,0.059,Le dossier est incomplet. Le justificatif de revenus.,
34,93.3,0.071,Jour.,
35,40.0,0.065,Le dossier est incomplet. Il manque justificatif de revenu. Jour S.,
36,93.3,0.072,The dossier is incomplete.,
37,100.0,0.082,Justificative revenue.,
38,100.0,0.084,,
39,60.0,0.074,Uh dossier est incomplet. Il manque le justificative revenu.,
40,60.0,0.073,Le dossier est incomplet. Le justificatif.,
41,93.3,0.070,The aussi est un complexe.,
42,60.0,0.086,Le dossier est incompletement plus justificatif de revenus.,
43,100.0,0.065,It mankist the revenue.,
44,73.3,0.081,Le si complace il manque de revenu.,
45,40.0,0.085,Le dossier est incomplet. Il manque le justificatif de revenu.,
46,100.0,0.065,Justificative.,
47,100.0,0.075,It mankind the justificative revenue. Very.,
48,86.7,0.073,It mank le justificative de revenue.,
49,100.0,0.073,,
50,53.3,0.062,Le dossier est incomplet de revenus un jour un jour.,
51,73.3,0.068,L dossier is incomplet le justificative de revivre.,
52,40.0,0.068,Le dossier est incomplet. Il manque le justificatif de revue.,
53,46.7,0.090,Le dossier. Il manque le justificatif de revenu. Aujourd'hui.,
54,66.7,0.078,Dossier un complète manque justificatif de revenir un jour.,
55,100.0,0.077,,
56,100.0,0.082,,
57,100.0,0.071,,
58,40.0,0.070,Le dossier est incomplète. Il manque le justificatif de revenu. Un jour on finit.,
59,100.0,0.087,,
60,80.0,0.074,Le justificatif de revenu. Toujours un petit peu.,
61,93.3,0.079,The dossier is uncomplissed in justificative revenue.,
62,93.3,0.066,The dossier is the revenue. Journey.,
63,53.3,0.079,Le dossier est un complexe. Il manque justificatif de revenus.,
64,93.3,0.101,Aujourd'hui.,
65,33.3,0.077,Le dossier est incomplet. Il manque le justificatif de revenu journe jour en.,
66,100.0,0.067,,
67,40.0,0.071,Le dossier est incomplet et manque le justificatif de jour.,
68,100.0,0.087,,
69,100.0,0.067,Yeah.,
70,60.0,0.076,Le dossier est un complet. Il manque justificatif de revenir.,
71,80.0,0.075,The dossier mank le justificative de revenu.,
72,46.7,0.067,Le dossier est incomplet. Il manque de justificatif de revenu.,
73,93.3,0.066,The size incompletive de revele.,
74,100.0,0.068,,
75,53.3,0.064,Le dossier est incomplète. Il manque justificatif de revêtement. Un jour. Un jour et moi.,
76,100.0,0.067,Oh.,
77,100.0,0.081,George.,
78,93.3,0.085,You manque justificative revenue.,
79,60.0,0.078,Dossier est un complexe. Il manque le justificatif de revenu.,
80,93.3,0.065,Dossier is uncompleted.,
81,100.0,0.063,,
82,53.3,0.082,"The dossier est un complexe. Il manque le justificatif de revenu. Jour, sir.",
83,93.3,0.073,The dossier is incomplete.,
84,100.0,0.081,You man a justificative revenue.,
85,100.0,0.069,C'est devant les gens qui arrivent.,
86,73.3,0.071,The dossier is incomplet Immont le justificative de revenu.,
87,80.0,0.072,The dossier is incomplet le justificative.,
88,100.0,0.075,Journey.,
89,100.0,0.081,,
90,100.0,0.075,,
91,40.0,0.061,Le dossier est incomplet. Il manque le justificatif de revenu.,
92,40.0,0.073,Le dossier est incomplet. Il manque le justificatif de revenu.,
93,93.3,0.075,The dossier is complacent.,
94,100.0,0.070,,
95,93.3,0.073,Uh lear dossier is incomplet. Journeau.,
96,86.7,0.077,It mank le justificative de revenue.,
97,100.0,0.080,It in complacent to revenue.,
98,100.0,0.109,The journey.,
99,93.3,0.089,The incompletive de revenues.,
100,53.3,0.079,Le dossier est incomplet le justificatif de revenir J.,
101,100.0,0.087,,
102,100.0,0.072,,
103,100.0,0.089,,
104,100.0,0.079,,
105,86.7,0.074,The dossier is incompletive de revenue.,
106,100.0,0.065,It man just the revenue.,
107,100.0,0.071,The complex is mankistificative revenue.,
108,100.0,0.074,Sure.,
109,100.0,0.081,,
110,93.3,0.085,The dossier is incompletive to revenue.,
111,100.0,0.060,It must the justificative to revenue baby.,
112,93.3,0.078,The dossier is uncomplet.,
113,86.7,0.053,It manque le justice the revenue.,
114,100.0,0.072,,
115,73.3,0.071,The dossier is incomplet le justificative de reven.,
116,100.0,0.084,,
117,33.3,0.066,Le dossier est incomplet et manque le justificatif de revenus. Jour.,
118,73.3,0.070,The dossier is incomplet It mank le justificative de revenue.,
119,93.3,0.096,The dossier is incompletive.,
120,93.3,0.064,You manque the justificative revenue.,
121,100.0,0.078,,
122,93.3,0.086,The dossier is uncompleted. It makes the justificative.,
123,93.3,0.084,The dossier is uncompleted justificative.,
124,80.0,0.082,Il manque le justificative revenu des journaux.,
